{"current":{"staging_site_enable":false,"hover_image_enable":false,"home_page_nav_invert_enable":true,"share_image":"","social_sharing_blog":true,"share_facebook":true,"share_twitter":true,"share_pinterest":true,"social_twitter_link":"","social_facebook_link":"","social_pinterest_link":"","social_instagram_link":"","social_snapchat_link":"","social_tumblr_link":"","social_youtube_link":"","social_vimeo_link":"","type_header_family":"'Helvetica Neue LT W01_75 Bold', Helvetica, Arial, sans-serif","type_secondary_header_family":"'Sweet Sans Medium', 'Helvetica Neue', Helvetica, Arial, sans-serif","type_tertiary_header_family":"'Sweet Sans Bold', 'Helvetica Neue', Helvetica, Arial, sans-serif","type_quaternary_header_family":"'Sweet Sans Extra Light', 'Helvetica Neue', Helvetica, Arial, sans-serif","type_base_family":"'Sweet Sans Regular', 'Helvetica Neue', Helvetica, Arial, sans-serif","cart_notes_enable":false,"checkout_header_image":"","checkout_logo_image":"shopify:\/\/shop_images\/logo.png","checkout_logo_position":"center","checkout_logo_size":"small","checkout_body_background_image":"","checkout_body_background_color":"#ffffff","checkout_input_background_color_mode":"white","checkout_sidebar_background_image":"","checkout_sidebar_background_color":"#f9f7f5","checkout_heading_font":"Helvetica Neue","checkout_body_font":"Helvetica Neue","checkout_accent_color":"#000000","checkout_button_color":"#000000","checkout_error_color":"#ff6d6d","home_page_invert_header_enable":true,"newsletter_action":"\/\/teddyvonranson.us3.list-manage.com\/subscribe\/post?u=6e3f0d63614bea6db2f95b456&amp;id=6f3e93943a","low_stock_badge_enable":false,"afterpay_enable":true,"support_availability":"Mon-Fri, 10AM-6PM, ET","livechat_enable":true,"livechat_availability":"Mon-Fri, 10AM-6PM, ET","favicon":"","sections":{"off-canvas-left":{"type":"off-canvas-left","settings":{"main_linklist":"menu","secondary_linklist":"header-menu"}},"header":{"type":"header","settings":{"main_linklist":"main-menu","secondary_linklist":"header-menu"}},"sidebar":{"type":"sidebar","settings":{"main_linklist":"sidebar-menu"}},"footer":{"type":"footer","settings":{"footer_linklist":"footer-new"}},"product":{"type":"product","settings":{"show_share_buttons":false}},"featured-content":{"type":"featured-content","settings":{"alignment":"align-middle"}},"newsletter-popup":{"type":"newsletter-popup","settings":{"enable":false,"copy":"","confirmation_copy":"","cookie":"Cookie","cookie_expiration":"365","exclude":"utm_medium=email","timeout":"100"}},"hero-banner":{"type":"hero-banner","settings":{"enable":false,"type":"image","image":"shopify:\/\/shop_images\/hero_banner_resort.jpg","image_mobile":"shopify:\/\/shop_images\/hero_banner_resort_mobile.jpg","alignment":"right center","overlay_enable":false,"mobile_overlay_enable":false,"invert_enable":false,"layout_alignment":"align-center","secondary_title":"","graphic":"","title":"","copy":"","link":"","action":"","video_mp4":"","video_ogv":""}},"1569688485305":{"type":"featured-content","disabled":true,"blocks":{"1569688491131":{"type":"content","settings":{"enable":true,"mobile_enable":true,"large_layout":"large-12","medium_layout":"medium-12","small_layout":"small-12","top_margin":false,"bottom_margin":false,"top_margin_mobile":false,"bottom_margin_mobile":false,"caption":"<br>","graphic":"","title":"Resort <span>2022<\/span>","copy":"Teddy Vonranson defines and refines its approach to modern American Classics.","link":"shopify:\/\/collections\/spring-22","action":"Shop now","video_enable":false,"video_autoplay_enable":false,"video_mp4":"","video_ogv":""}}},"block_order":["1569688491131"],"settings":{"alignment":"align-top"}},"newsletter-modal":{"type":"newsletter-modal","settings":{"enable":true,"invert_enable":true,"center_enable":true,"title":"Join our mailing list","copy":"<p>Sign up for our mailing list and receive an additional <b>25% off<\/b> your first purchase.<\/p><p>Become a part of the exclusive Teddy Vonranson community of friends who are invested in this exciting brand.  As a part of the Teddy Vonranson family, you will get early access to limited edition drops, seasonal promotions, and invitations to events including sample and stock sales. <\/p><p>All of our products are made with utmost care and attention to detail and we focus on ethical sourcing and sustainability.<\/p>","cookie":"CookieBFCFDA","cookie_expiration":"365","exclude":"utm_medium=email","timeout":"100"}},"lookbook":{"type":"lookbook","blocks":{"1569784127616":{"type":"image","settings":{"image":"shopify:\/\/shop_images\/lookbook_ss20_1.jpg","contents":"<ul>\n<li>Mixed; Wool, Cotton Nylon, Coat<\/li>\n<li>Cotton Sweater<\/li>\n<li>Denim <span class=\"larger\">5<\/span> Pocket Jean<\/li>\n<li>Suede Roper Boot<\/li>\n<li>Nylon Jacquard Hat<\/li>\n<\/ul>"}},"1569784130181":{"type":"image","settings":{"image":"shopify:\/\/shop_images\/lookbook_ss20_2.jpg","contents":"<ul>\n<li>Single Breasted Wool Jacket<\/li>\n<li>Cotton Hand Knit Sweater<\/li>\n<li>Cotton Twill Shorts<\/li>\n<li>Suede Roper Boot<\/li>\n<li>Cotton Rib Hat<\/li>\n<\/ul>"}},"1569784136225":{"type":"image","settings":{"image":"shopify:\/\/shop_images\/lookbook_ss20_3.jpg","contents":"<ul>\n<li>Double Breasted Wool Jacket<\/li>\n<li>Wool Sweater<\/li>\n<li>Cotton Shirt<\/li>\n<li>Lambskin Pant<\/li>\n<li>Suede Roper Boot<\/li>\n<\/ul>"}},"1569784141966":{"type":"image","settings":{"image":"shopify:\/\/shop_images\/lookbook_ss20_4.jpg","contents":"<ul>\n<li>Woven Leather Jacket<\/li>\n<li>Cotton Sweater<\/li>\n<li>Cotton Twill Short<\/li>\n<\/ul>"}},"1569784147528":{"type":"image","settings":{"image":"shopify:\/\/shop_images\/lookbook_ss20_5.jpg","contents":"<ul>\n<li>Denim Jacket<\/li>\n<li>Cotton and Lambs Wool Sweater<\/li>\n<li>Rayon and Linen Top<\/li>\n<li>Nylon Pant<\/li>\n<\/ul>"}},"1569784153096":{"type":"image","settings":{"image":"shopify:\/\/shop_images\/lookbook_ss20_6.jpg","contents":"<ul>\n<li>Bonded Cordura Coat<\/li>\n<li>Cotton Fleece Hoodie<\/li>\n<li>Cotton T-Shirt<\/li>\n<li>Embossed Lambskin Short<\/li>\n<\/ul>"}},"1569784159252":{"type":"image","settings":{"image":"shopify:\/\/shop_images\/lookbook_ss20_7.jpg","contents":"<ul>\n<li>Lambskin Jacket<\/li>\n<li>Cotton Shirt<\/li>\n<li>Denim <span class=\"larger\">5<\/span> Pocket Jean<\/li>\n<li>Suede Roper Boot<\/li>\n<\/ul>"}},"1569784164546":{"type":"image","settings":{"image":"shopify:\/\/shop_images\/lookbook_ss20_8.jpg","contents":"<ul>\n<li>Jacquard Nylon Bomber<\/li>\n<li>Cotton and Lambswool Sweater<\/li>\n<li>Nylon Board Short<\/li>\n<\/ul>"}},"1569784170005":{"type":"image","settings":{"image":"shopify:\/\/shop_images\/lookbook_ss20_9.jpg","contents":"<ul>\n<li>Nylon Windbreaker<\/li>\n<li>Cotton Denim Shirt<\/li>\n<li>Cotton Denim <span class=\"larger\">5<\/span> Pocket Jean<\/li>\n<li>Suede Roper Boot<\/li>\n<\/ul>"}},"1569784175693":{"type":"image","settings":{"image":"shopify:\/\/shop_images\/lookbook_ss20_10.jpg","contents":"<ul>\n<li>Cotton French Terry Sweatshirt<\/li>\n<li>Printed Nylon Pant<\/li>\n<li>Cotton Hand Knit Hat<\/li>\n<\/ul>"}},"1569784182141":{"type":"image","settings":{"image":"shopify:\/\/shop_images\/lookbook_ss20_11.jpg","contents":"<ul>\n<li>Embossed Lambskin Shirt<\/li>\n<li>Rayon and Linen Top<\/li>\n<li>Cotton Twill Pant<\/li>\n<\/ul>"}},"1569784189465":{"type":"image","settings":{"image":"shopify:\/\/shop_images\/lookbook_ss20_12.jpg","contents":"<ul>\n<li>Cotton Hand Knit Cardigan<\/li>\n<li>Cotton Denim Shirt<\/li>\n<li>Rayon and Linen Blend Top<\/li>\n<li>Cotton T-Shirt<\/li>\n<li>Cotton Denim <span class=\"larger\">5<\/span> Pocket Jean<\/li>\n<li>Nylon Jacquard Hat<\/li>\n<\/ul>"}},"1569784196156":{"type":"image","settings":{"image":"shopify:\/\/shop_images\/lookbook_ss20_13.jpg","contents":"<ul>\n<li>Jacquard Nylon Shirt<\/li>\n<li>Rayon and Linen Top<\/li>\n<li>Cotton Twill Pant<\/li>\n<\/ul>"}},"1569784202149":{"type":"image","settings":{"image":"shopify:\/\/shop_images\/lookbook_ss20_14.jpg","contents":"<ul>\n<li>Printed Nylon WIndbreaker<\/li>\n<li>Printed Nylon Shirt<\/li>\n<li>Printed Nylon Board Short<\/li>\n<\/ul>"}},"1569784208477":{"type":"image","settings":{"image":"shopify:\/\/shop_images\/lookbook_ss20_15.jpg","contents":"<ul>\n<li>Lambskin and Wool Bomber<\/li>\n<li>Cotton Shirt<\/li>\n<li>Rayon and Linen Top<\/li>\n<li>Cotton Denim <span class=\"larger\">5<\/span> Pocket Jean<\/li>\n<li>Suede Roper Boot<\/li>\n<\/ul>"}},"1569784216607":{"type":"image","settings":{"image":"shopify:\/\/shop_images\/lookbook_ss20_16.jpg","contents":"<ul>\n<li>Cotton Twill Shirt<\/li>\n<li>Cotton Broadcloth Shirt<\/li>\n<li>Cotton Twill Pant<\/li>\n<li>Jacquard Nylon Hat<\/li>\n<\/ul>"}},"1569784224706":{"type":"image","settings":{"image":"shopify:\/\/shop_images\/lookbook_ss20_17.jpg","contents":"<ul>\n<li>Cotton Blend Jacket with Silk Lapels<\/li>\n<li>Cotton Denim Shirt<\/li>\n<li>Cotton Knit Top<\/li>\n<li>Cotton Blend <span class=\"larger\">5<\/span> Pocket Pant<\/li>\n<li>Embossed Lambskin Roper Boot<\/li>\n<\/ul>"}},"1569784230846":{"type":"image","settings":{"image":"shopify:\/\/shop_images\/lookbook_ss20_18.jpg","contents":"<ul>\n<li>Silk and Wool Double Breasted Jacket<\/li>\n<li>Cotton Rib Sweater<\/li>\n<li>Cotton Denim Pant<\/li>\n<li>Suede Roper Boot<\/li>\n<\/ul>"}}},"block_order":["1569784127616","1569784130181","1569784136225","1569784141966","1569784147528","1569784153096","1569784159252","1569784164546","1569784170005","1569784175693","1569784182141","1569784189465","1569784196156","1569784202149","1569784208477","1569784216607","1569784224706","1569784230846"],"settings":{"full_width_enable":false}},"lookbook-fw20":{"type":"lookbook-fw20","blocks":{"1580590792619":{"type":"image","settings":{"image":"shopify:\/\/shop_images\/lookbook_fw20_1.jpg","contents":""}},"1580590817962":{"type":"image","settings":{"image":"shopify:\/\/shop_images\/lookbook_fw20_2.jpg","contents":""}},"1580590831424":{"type":"image","settings":{"image":"shopify:\/\/shop_images\/lookbook_fw20_3.jpg","contents":""}},"1580590842898":{"type":"image","settings":{"image":"shopify:\/\/shop_images\/lookbook_fw20_4.jpg","contents":""}},"1580590860609":{"type":"image","settings":{"image":"shopify:\/\/shop_images\/lookbook_fw20_5.jpg","contents":""}},"1580590876360":{"type":"image","settings":{"image":"shopify:\/\/shop_images\/lookbook_fw20_6.jpg","contents":""}},"1580590885447":{"type":"image","settings":{"image":"shopify:\/\/shop_images\/lookbook_fw20_7.jpg","contents":""}},"1580590896421":{"type":"image","settings":{"image":"shopify:\/\/shop_images\/lookbook_fw20_8.jpg","contents":""}},"1580591735640":{"type":"image","settings":{"image":"shopify:\/\/shop_images\/lookbook_fw20_9.jpg","contents":""}},"1580591760963":{"type":"image","settings":{"image":"shopify:\/\/shop_images\/lookbook_fw20_10.jpg","contents":""}},"1580591774712":{"type":"image","settings":{"image":"shopify:\/\/shop_images\/lookbook_fw20_11.jpg","contents":""}},"1580591776896":{"type":"image","settings":{"image":"shopify:\/\/shop_images\/lookbook_fw20_12.jpg","contents":""}},"1580591777803":{"type":"image","settings":{"image":"shopify:\/\/shop_images\/lookbook_fw20_13.jpg","contents":""}},"1580591778986":{"type":"image","settings":{"image":"shopify:\/\/shop_images\/lookbook_fw20_14.jpg","contents":""}},"1580591780022":{"type":"image","settings":{"image":"shopify:\/\/shop_images\/lookbook_fw20_15.jpg","contents":""}},"1580591780969":{"type":"image","settings":{"image":"shopify:\/\/shop_images\/lookbook_fw20_16.jpg","contents":""}},"1580591782413":{"type":"image","settings":{"image":"shopify:\/\/shop_images\/lookbook_fw20_17.jpg","contents":""}},"1580591783494":{"type":"image","settings":{"image":"shopify:\/\/shop_images\/lookbook_fw20_18.jpg","contents":""}},"1580591784356":{"type":"image","settings":{"image":"shopify:\/\/shop_images\/lookbook_fw20_19.jpg","contents":""}},"1580591785252":{"type":"image","settings":{"image":"shopify:\/\/shop_images\/lookbook_fw20_20.jpg","contents":""}},"1580591786129":{"type":"image","settings":{"image":"shopify:\/\/shop_images\/lookbook_fw20_21.jpg","contents":""}},"1580591787055":{"type":"image","settings":{"image":"shopify:\/\/shop_images\/lookbook_fw20_22.jpg","contents":""}},"1580591815399":{"type":"image","settings":{"image":"shopify:\/\/shop_images\/lookbook_fw20_23.jpg","contents":""}},"1580592010273":{"type":"image","settings":{"image":"shopify:\/\/shop_images\/lookbook_fw20_24.jpg","contents":""}},"1580592013304":{"type":"image","settings":{"image":"shopify:\/\/shop_images\/lookbook_fw20_25.jpg","contents":""}},"1580592016488":{"type":"image","settings":{"image":"shopify:\/\/shop_images\/lookbook_fw20_26.jpg","contents":""}},"1580592018864":{"type":"image","settings":{"image":"shopify:\/\/shop_images\/lookbook_fw20_27.jpg","contents":""}},"1580592112958":{"type":"image","settings":{"image":"shopify:\/\/shop_images\/lookbook_fw20_28.jpg","contents":""}},"1580592120478":{"type":"image","settings":{"image":"shopify:\/\/shop_images\/lookbook_fw20_29.jpg","contents":""}},"1580592125887":{"type":"image","settings":{"image":"shopify:\/\/shop_images\/lookbook_fw20_30.jpg","contents":""}},"1580592131116":{"type":"image","settings":{"image":"shopify:\/\/shop_images\/lookbook_fw20_31.jpg","contents":""}},"1580592135194":{"type":"image","settings":{"image":"shopify:\/\/shop_images\/lookbook_fw20_32.jpg","contents":""}},"1580592137278":{"type":"image","settings":{"image":"shopify:\/\/shop_images\/lookbook_fw20_33.jpg","contents":""}},"1580592138366":{"type":"image","settings":{"image":"shopify:\/\/shop_images\/lookbook_fw20_34.jpg","contents":""}},"1580592139320":{"type":"image","settings":{"image":"shopify:\/\/shop_images\/lookbook_fw20_35.jpg","contents":""}}},"block_order":["1580590792619","1580590817962","1580590831424","1580590842898","1580590860609","1580590876360","1580590885447","1580590896421","1580591735640","1580591760963","1580591774712","1580591776896","1580591777803","1580591778986","1580591780022","1580591780969","1580591782413","1580591783494","1580591784356","1580591785252","1580591786129","1580591787055","1580591815399","1580592010273","1580592013304","1580592016488","1580592018864","1580592112958","1580592120478","1580592125887","1580592131116","1580592135194","1580592137278","1580592138366","1580592139320"],"settings":{"full_width_enable":true}},"lookbook-ss21":{"type":"lookbook-ss21","blocks":{"fc36b42a-14dc-4d26-a8e6-3b732fa78bf3":{"type":"image","settings":{"image":"shopify:\/\/shop_images\/lookbook_ss21_1.jpg","contents":""}},"0122e136-f364-4e5d-a887-8a61cbac01c9":{"type":"image","settings":{"image":"shopify:\/\/shop_images\/lookbook_ss21_2.jpg","contents":""}},"0d3a9a05-166a-4058-a8de-c8f031e1421f":{"type":"image","settings":{"image":"shopify:\/\/shop_images\/lookbook_ss21_3.jpg","contents":""}},"c73d1ef9-79d1-48c2-b14a-28e7b31cac23":{"type":"image","settings":{"image":"shopify:\/\/shop_images\/lookbook_ss21_4.jpg","contents":""}},"6e7b7a3a-c727-44ee-9d89-d505dac36ae6":{"type":"image","settings":{"image":"shopify:\/\/shop_images\/lookbook_ss21_5.jpg","contents":""}},"fe6c3d6a-2895-4d02-b9b1-7875ed90290c":{"type":"image","settings":{"image":"shopify:\/\/shop_images\/lookbook_ss21_6.jpg","contents":""}},"1c98da1e-ac72-4bcb-b951-6717b8c6b1a3":{"type":"image","settings":{"image":"shopify:\/\/shop_images\/lookbook_ss21_7.jpg","contents":""}},"fad6e2a1-8caf-4bec-b116-a6879887430a":{"type":"image","settings":{"image":"shopify:\/\/shop_images\/lookbook_ss21_8.jpg","contents":""}},"e9a10e2f-985f-448c-8857-190c03bab01e":{"type":"image","settings":{"image":"shopify:\/\/shop_images\/lookbook_ss21_9.jpg","contents":""}},"22bcc7b7-fa80-4395-b56d-f58562254dbb":{"type":"image","settings":{"image":"shopify:\/\/shop_images\/lookbook_ss21_10.jpg","contents":""}},"9c041550-6d77-4b48-b3cb-ab06edbbf42d":{"type":"image","settings":{"image":"shopify:\/\/shop_images\/lookbook_ss21_11.jpg","contents":""}},"0cb16753-7605-44c1-86ae-c004d7ca98e3":{"type":"image","settings":{"image":"shopify:\/\/shop_images\/lookbook_ss21_12.jpg","contents":""}},"f477ee4f-813a-497d-ad19-762e30676d07":{"type":"image","settings":{"image":"shopify:\/\/shop_images\/lookbook_ss21_13.jpg","contents":""}},"45171944-c30f-4fc7-b082-24b37a00b55b":{"type":"image","settings":{"image":"shopify:\/\/shop_images\/lookbook_ss21_14.jpg","contents":""}},"e3b74e92-c764-4e77-a288-b29ccae3b0fe":{"type":"image","settings":{"image":"shopify:\/\/shop_images\/lookbook_ss21_15.jpg","contents":""}},"b61f6a82-f667-4170-8912-908f4f3bfed5":{"type":"image","settings":{"image":"shopify:\/\/shop_images\/lookbook_ss21_16.jpg","contents":""}},"d1efda93-2d91-4890-96a6-793ede2af698":{"type":"image","settings":{"image":"shopify:\/\/shop_images\/lookbook_ss21_17.jpg","contents":""}},"21e46591-8f39-4a3f-92ec-e05bc613e698":{"type":"image","settings":{"image":"shopify:\/\/shop_images\/lookbook_ss21_18.jpg","contents":""}},"aed2d3fc-9fab-423b-a8bc-4400e7f86832":{"type":"image","settings":{"image":"shopify:\/\/shop_images\/lookbook_ss21_19.jpg","contents":""}},"d7f65c77-26c5-4229-a990-9d6b263b2ba8":{"type":"image","settings":{"image":"shopify:\/\/shop_images\/lookbook_ss21_20.jpg","contents":""}},"002affb2-3548-43e3-9d7b-44e9a74cd793":{"type":"image","settings":{"image":"shopify:\/\/shop_images\/lookbook_ss21_21.jpg","contents":""}},"23a2f770-f521-4380-9d54-fb4cdb2447dc":{"type":"image","settings":{"image":"shopify:\/\/shop_images\/lookbook_ss21_22.jpg","contents":""}},"52b67719-2c03-467f-a9f4-10bcc9ca8d66":{"type":"image","settings":{"image":"shopify:\/\/shop_images\/lookbook_ss21_23.jpg","contents":""}},"63d662ec-d6ca-441b-a477-f9b4ecc544b5":{"type":"image","settings":{"image":"shopify:\/\/shop_images\/lookbook_ss21_24.jpg","contents":""}},"8f7e173f-8cdb-4027-9d69-e376e8a6ba76":{"type":"image","settings":{"image":"shopify:\/\/shop_images\/lookbook_ss21_25.jpg","contents":""}},"448f502a-d66a-492b-af2f-66adb4bc2d94":{"type":"image","settings":{"image":"shopify:\/\/shop_images\/lookbook_ss21_26.jpg","contents":""}},"08fcfc89-dc7a-4364-81a3-66616f8b2695":{"type":"image","settings":{"image":"shopify:\/\/shop_images\/lookbook_ss21_27.jpg","contents":""}},"84c70cde-53c2-4d13-ae98-a217363d4ba2":{"type":"image","settings":{"image":"shopify:\/\/shop_images\/lookbook_ss21_28.jpg","contents":""}},"004792ee-5f03-49fd-91ad-ebad8a11863f":{"type":"image","settings":{"image":"shopify:\/\/shop_images\/lookbook_ss21_29.jpg","contents":""}},"f89deb2c-babf-4b4b-9462-9920d18b4b1d":{"type":"image","settings":{"image":"shopify:\/\/shop_images\/lookbook_ss21_30.jpg","contents":""}},"56a2e47d-efb2-444c-b3b8-910182f62c15":{"type":"image","settings":{"image":"shopify:\/\/shop_images\/lookbook_ss21_31.jpg","contents":""}},"bdb9105a-dd96-473c-b044-9f7ea15acdcf":{"type":"image","settings":{"image":"shopify:\/\/shop_images\/lookbook_ss21_32.jpg","contents":""}},"a9d3e11c-2081-4708-9c4c-4d2016731e9c":{"type":"image","settings":{"image":"shopify:\/\/shop_images\/lookbook_ss21_33.jpg","contents":""}},"dd059043-962e-403b-af68-9803b587e9b6":{"type":"image","settings":{"image":"shopify:\/\/shop_images\/lookbook_ss21_34.jpg","contents":""}},"bb5d9a47-d670-4966-addc-731643cc95f7":{"type":"image","settings":{"image":"shopify:\/\/shop_images\/lookbook_ss21_35.jpg","contents":""}},"865c0fe6-532f-4f3f-b748-eb4b25d27e3e":{"type":"image","settings":{"image":"shopify:\/\/shop_images\/lookbook_ss21_36.jpg","contents":""}},"833fa141-1c8e-46ed-807d-c736f3a78fff":{"type":"image","settings":{"image":"shopify:\/\/shop_images\/lookbook_ss21_37.jpg","contents":""}},"981b79e6-2cbb-41d2-8b41-694b14bc9521":{"type":"image","settings":{"image":"shopify:\/\/shop_images\/lookbook_ss21_38.jpg","contents":""}},"6f28fe43-e3c2-4edb-b7e0-7fdc5b382ad8":{"type":"image","settings":{"image":"shopify:\/\/shop_images\/lookbook_ss21_39.jpg","contents":""}},"0f7926a8-159f-4cf1-b561-b6821349286f":{"type":"image","settings":{"image":"shopify:\/\/shop_images\/lookbook_ss21_40.jpg","contents":""}},"99d33e9c-7608-4295-bf81-bcc70b031bb8":{"type":"image","settings":{"image":"shopify:\/\/shop_images\/lookbook_ss21_41.jpg","contents":""}},"ebf6dded-7ee8-48ec-b898-74ae84a7f478":{"type":"image","settings":{"image":"shopify:\/\/shop_images\/lookbook_ss21_42.jpg","contents":""}}},"block_order":["fc36b42a-14dc-4d26-a8e6-3b732fa78bf3","0122e136-f364-4e5d-a887-8a61cbac01c9","0d3a9a05-166a-4058-a8de-c8f031e1421f","c73d1ef9-79d1-48c2-b14a-28e7b31cac23","6e7b7a3a-c727-44ee-9d89-d505dac36ae6","fe6c3d6a-2895-4d02-b9b1-7875ed90290c","1c98da1e-ac72-4bcb-b951-6717b8c6b1a3","fad6e2a1-8caf-4bec-b116-a6879887430a","e9a10e2f-985f-448c-8857-190c03bab01e","22bcc7b7-fa80-4395-b56d-f58562254dbb","9c041550-6d77-4b48-b3cb-ab06edbbf42d","0cb16753-7605-44c1-86ae-c004d7ca98e3","f477ee4f-813a-497d-ad19-762e30676d07","45171944-c30f-4fc7-b082-24b37a00b55b","e3b74e92-c764-4e77-a288-b29ccae3b0fe","b61f6a82-f667-4170-8912-908f4f3bfed5","d1efda93-2d91-4890-96a6-793ede2af698","21e46591-8f39-4a3f-92ec-e05bc613e698","aed2d3fc-9fab-423b-a8bc-4400e7f86832","d7f65c77-26c5-4229-a990-9d6b263b2ba8","002affb2-3548-43e3-9d7b-44e9a74cd793","23a2f770-f521-4380-9d54-fb4cdb2447dc","52b67719-2c03-467f-a9f4-10bcc9ca8d66","63d662ec-d6ca-441b-a477-f9b4ecc544b5","8f7e173f-8cdb-4027-9d69-e376e8a6ba76","448f502a-d66a-492b-af2f-66adb4bc2d94","08fcfc89-dc7a-4364-81a3-66616f8b2695","84c70cde-53c2-4d13-ae98-a217363d4ba2","004792ee-5f03-49fd-91ad-ebad8a11863f","f89deb2c-babf-4b4b-9462-9920d18b4b1d","56a2e47d-efb2-444c-b3b8-910182f62c15","bdb9105a-dd96-473c-b044-9f7ea15acdcf","a9d3e11c-2081-4708-9c4c-4d2016731e9c","dd059043-962e-403b-af68-9803b587e9b6","bb5d9a47-d670-4966-addc-731643cc95f7","865c0fe6-532f-4f3f-b748-eb4b25d27e3e","833fa141-1c8e-46ed-807d-c736f3a78fff","981b79e6-2cbb-41d2-8b41-694b14bc9521","6f28fe43-e3c2-4edb-b7e0-7fdc5b382ad8","0f7926a8-159f-4cf1-b561-b6821349286f","99d33e9c-7608-4295-bf81-bcc70b031bb8","ebf6dded-7ee8-48ec-b898-74ae84a7f478"],"settings":{"full_width_enable":true}},"lookbook-fw21":{"type":"lookbook-fw21","blocks":{"8624bba5-4f7c-42cf-9f24-5938ae9bf1fa":{"type":"image","settings":{"image":"shopify:\/\/shop_images\/lookbook_fw21_1.jpg","contents":""}},"53ebd95b-478f-4fce-8697-0890f79293e7":{"type":"image","settings":{"image":"shopify:\/\/shop_images\/lookbook_fw21_2.jpg","contents":""}},"93aff372-44fb-40ce-b50f-9f95b08c60fa":{"type":"image","settings":{"image":"shopify:\/\/shop_images\/lookbook_fw21_3.jpg","contents":""}},"0cc9e070-7ef5-49d2-87f9-a0449815edff":{"type":"image","settings":{"image":"shopify:\/\/shop_images\/lookbook_fw21_4.jpg","contents":""}},"24ed6cce-e4f2-402a-aa97-5e40dbd544b4":{"type":"image","settings":{"image":"shopify:\/\/shop_images\/lookbook_fw21_5.jpg","contents":""}},"6978d919-bdb4-4bc8-a6e7-fa1bc95fd159":{"type":"image","settings":{"image":"shopify:\/\/shop_images\/lookbook_fw21_6.jpg","contents":""}},"e37f27f8-6bf1-48c7-a2d2-febf2fad41ad":{"type":"image","settings":{"image":"shopify:\/\/shop_images\/lookbook_fw21_7.jpg","contents":""}},"bb5e9997-3ec4-473c-b9ff-f1579277091e":{"type":"image","settings":{"image":"shopify:\/\/shop_images\/lookbook_fw21_8.jpg","contents":""}},"f00b51a5-71f7-4dc5-82ef-a000c4f71946":{"type":"image","settings":{"image":"shopify:\/\/shop_images\/lookbook_fw21_9.jpg","contents":""}},"dd771977-9d28-42fd-815e-b73cad6d48d0":{"type":"image","settings":{"image":"shopify:\/\/shop_images\/lookbook_fw21_10.jpg","contents":""}},"92bbdb90-1803-4274-bac4-dc955433e1c3":{"type":"image","settings":{"image":"shopify:\/\/shop_images\/lookbook_fw21_11.jpg","contents":""}},"e4a28a47-cb04-4717-95b5-f301e70ff30c":{"type":"image","settings":{"image":"shopify:\/\/shop_images\/lookbook_fw21_12.jpg","contents":""}},"56c83a90-164f-46cb-8cd9-9adfa3628bf5":{"type":"image","settings":{"image":"shopify:\/\/shop_images\/lookbook_fw21_13.jpg","contents":""}},"2deb7cf5-6994-490d-891c-4ae100055e91":{"type":"image","settings":{"image":"shopify:\/\/shop_images\/lookbook_fw21_14.jpg","contents":""}},"e577ad61-fa47-4263-a13e-e3c859baf459":{"type":"image","settings":{"image":"shopify:\/\/shop_images\/lookbook_fw21_15.jpg","contents":""}},"65087168-1142-4ed0-82c8-12e318993d7d":{"type":"image","settings":{"image":"shopify:\/\/shop_images\/lookbook_fw21_16.jpg","contents":""}},"7324cd5c-5284-45a6-848c-950777d951e6":{"type":"image","settings":{"image":"shopify:\/\/shop_images\/lookbook_fw21_17.jpg","contents":""}},"8fd7c20f-6196-46bb-b1c3-78cd6ad0d50e":{"type":"image","settings":{"image":"shopify:\/\/shop_images\/lookbook_fw21_18.jpg","contents":""}},"782a7906-9e71-40b6-930a-04bb1495b690":{"type":"image","settings":{"image":"shopify:\/\/shop_images\/lookbook_fw21_19.jpg","contents":""}},"3e789add-ca5a-438d-b7c5-4dc78387df4e":{"type":"image","settings":{"image":"shopify:\/\/shop_images\/lookbook_fw21_20.jpg","contents":""}},"21680b49-4ca9-49aa-b77a-bddf5e2d9fbd":{"type":"image","settings":{"image":"shopify:\/\/shop_images\/lookbook_fw21_21.jpg","contents":""}},"a021182d-c847-4ff6-b963-850fc001f97e":{"type":"image","settings":{"image":"shopify:\/\/shop_images\/lookbook_fw21_22.jpg","contents":""}}},"block_order":["8624bba5-4f7c-42cf-9f24-5938ae9bf1fa","53ebd95b-478f-4fce-8697-0890f79293e7","93aff372-44fb-40ce-b50f-9f95b08c60fa","0cc9e070-7ef5-49d2-87f9-a0449815edff","24ed6cce-e4f2-402a-aa97-5e40dbd544b4","6978d919-bdb4-4bc8-a6e7-fa1bc95fd159","e37f27f8-6bf1-48c7-a2d2-febf2fad41ad","bb5e9997-3ec4-473c-b9ff-f1579277091e","f00b51a5-71f7-4dc5-82ef-a000c4f71946","dd771977-9d28-42fd-815e-b73cad6d48d0","92bbdb90-1803-4274-bac4-dc955433e1c3","e4a28a47-cb04-4717-95b5-f301e70ff30c","56c83a90-164f-46cb-8cd9-9adfa3628bf5","2deb7cf5-6994-490d-891c-4ae100055e91","e577ad61-fa47-4263-a13e-e3c859baf459","65087168-1142-4ed0-82c8-12e318993d7d","7324cd5c-5284-45a6-848c-950777d951e6","8fd7c20f-6196-46bb-b1c3-78cd6ad0d50e","782a7906-9e71-40b6-930a-04bb1495b690","3e789add-ca5a-438d-b7c5-4dc78387df4e","21680b49-4ca9-49aa-b77a-bddf5e2d9fbd","a021182d-c847-4ff6-b963-850fc001f97e"],"settings":{"full_width_enable":true}},"press":{"type":"press","blocks":{"40154bb6-0f50-47aa-8a38-e7c6563d72f6":{"type":"image","settings":{"image":"shopify:\/\/shop_images\/press_1.jpg","contents":""}},"3000d762-e9e4-4e63-a03b-d1de9586fc24":{"type":"image","settings":{"image":"shopify:\/\/shop_images\/press_2.jpg","contents":""}},"40af840f-b731-4f9f-a236-a5fb53deaeec":{"type":"image","settings":{"image":"shopify:\/\/shop_images\/press_3.jpg","contents":""}},"8eda028d-551f-495b-89de-f6473881dd1c":{"type":"image","settings":{"image":"shopify:\/\/shop_images\/press_4.jpg","contents":""}},"5cfe78b8-5cf6-440c-9100-605216378a1a":{"type":"image","settings":{"image":"shopify:\/\/shop_images\/press_5.jpg","contents":""}},"7f8f61a6-bc38-46a2-b176-7f69a98b656c":{"type":"image","settings":{"image":"shopify:\/\/shop_images\/press_6.jpg","contents":""}},"a2cc1b24-c6de-43d6-9e8b-c36fe5b66afe":{"type":"image","settings":{"image":"shopify:\/\/shop_images\/press_7.jpg","contents":""}},"0f46682d-0839-4c9b-88c6-0efea97ef30c":{"type":"image","settings":{"image":"shopify:\/\/shop_images\/press_8.jpg","contents":""}},"b497f56c-1d41-4596-8945-4a131f0d3c81":{"type":"image","settings":{"image":"shopify:\/\/shop_images\/press_9.jpg","contents":""}},"0709acf0-4efc-42c7-8978-d0745d986625":{"type":"image","settings":{"image":"shopify:\/\/shop_images\/press_10.jpg","contents":""}},"94020ef8-8e58-41a3-bcf0-cccd0cbf937c":{"type":"image","settings":{"image":"shopify:\/\/shop_images\/press_11.jpg","contents":""}},"05fb2fed-29d6-463f-b269-f66e0d029004":{"type":"image","settings":{"image":"shopify:\/\/shop_images\/press_12.jpg","contents":""}},"44429e02-6237-4414-a1e3-0c73a3a288fc":{"type":"image","settings":{"image":"shopify:\/\/shop_images\/press_13.jpg","contents":""}},"ef83aa15-2f9e-427c-bcae-dbd2dce05f03":{"type":"image","settings":{"image":"shopify:\/\/shop_images\/press_14.jpg","contents":""}},"fd303bab-ba1e-49a9-8192-1890e6f4a685":{"type":"image","settings":{"image":"shopify:\/\/shop_images\/press_15.jpg","contents":""}},"ae619e6e-0a1b-4b7e-9fe5-bd3d9958d5fc":{"type":"image","settings":{"image":"shopify:\/\/shop_images\/press_16.jpg","contents":""}},"85010db6-cedf-4f94-87bb-a654ca2eeda3":{"type":"image","settings":{"image":"shopify:\/\/shop_images\/press_17.jpg","contents":""}},"7373eea5-aa93-4019-9470-a4be8eff928e":{"type":"image","settings":{"image":"shopify:\/\/shop_images\/press_18.jpg","contents":""}},"34eb0336-e4ac-4fb1-805d-5d80422314de":{"type":"image","settings":{"image":"shopify:\/\/shop_images\/press_19.jpg","contents":""}},"d52c960c-8e22-4a0b-a9ec-cdc368208c6c":{"type":"image","settings":{"image":"shopify:\/\/shop_images\/press_20.jpg","contents":""}},"9d1f1c25-7136-4182-a2a6-98f60a27dcb1":{"type":"image","settings":{"image":"shopify:\/\/shop_images\/press_21.jpg","contents":""}},"bf6bdecd-b358-4c12-8c1f-10c6266c3497":{"type":"image","settings":{"image":"shopify:\/\/shop_images\/press_22.jpg","contents":""}},"676a53a8-8a47-4967-953d-c5324563efb4":{"type":"image","settings":{"image":"shopify:\/\/shop_images\/press_23.jpg","contents":""}},"0cf13223-1ac8-4aad-beaf-a996755ba99f":{"type":"image","settings":{"image":"shopify:\/\/shop_images\/press_24.jpg","contents":""}},"39713c63-7b6b-4cf7-8e6b-bf255f7eddcd":{"type":"image","settings":{"image":"shopify:\/\/shop_images\/press_25.jpg","contents":""}},"5c90b6ae-62ba-448a-b664-4ee7adc62a6a":{"type":"image","settings":{"image":"shopify:\/\/shop_images\/press_26.jpg","contents":""}},"56830e98-c360-4f79-a7b6-bc1a7b3a62ce":{"type":"image","settings":{"image":"shopify:\/\/shop_images\/press_27.jpg","contents":""}}},"block_order":["40154bb6-0f50-47aa-8a38-e7c6563d72f6","3000d762-e9e4-4e63-a03b-d1de9586fc24","40af840f-b731-4f9f-a236-a5fb53deaeec","8eda028d-551f-495b-89de-f6473881dd1c","5cfe78b8-5cf6-440c-9100-605216378a1a","7f8f61a6-bc38-46a2-b176-7f69a98b656c","a2cc1b24-c6de-43d6-9e8b-c36fe5b66afe","0f46682d-0839-4c9b-88c6-0efea97ef30c","b497f56c-1d41-4596-8945-4a131f0d3c81","0709acf0-4efc-42c7-8978-d0745d986625","94020ef8-8e58-41a3-bcf0-cccd0cbf937c","05fb2fed-29d6-463f-b269-f66e0d029004","44429e02-6237-4414-a1e3-0c73a3a288fc","ef83aa15-2f9e-427c-bcae-dbd2dce05f03","fd303bab-ba1e-49a9-8192-1890e6f4a685","ae619e6e-0a1b-4b7e-9fe5-bd3d9958d5fc","85010db6-cedf-4f94-87bb-a654ca2eeda3","7373eea5-aa93-4019-9470-a4be8eff928e","34eb0336-e4ac-4fb1-805d-5d80422314de","d52c960c-8e22-4a0b-a9ec-cdc368208c6c","9d1f1c25-7136-4182-a2a6-98f60a27dcb1","bf6bdecd-b358-4c12-8c1f-10c6266c3497","676a53a8-8a47-4967-953d-c5324563efb4","0cf13223-1ac8-4aad-beaf-a996755ba99f","39713c63-7b6b-4cf7-8e6b-bf255f7eddcd","5c90b6ae-62ba-448a-b664-4ee7adc62a6a","56830e98-c360-4f79-a7b6-bc1a7b3a62ce"],"settings":{"full_width_enable":true}},"lookbook-ss22":{"type":"lookbook-ss22","blocks":{"ced44d43-c1ae-433c-a0bf-fc5c7470f83d":{"type":"image","settings":{"image":"shopify:\/\/shop_images\/lookbook_ss22_2.jpg","contents":""}},"3571dc9c-4e8d-4e89-9ac0-32fc15172be4":{"type":"image","settings":{"image":"shopify:\/\/shop_images\/lookbook_ss22_3.jpg","contents":""}},"3ab664e4-7240-4027-93ce-24f78117443f":{"type":"image","settings":{"image":"shopify:\/\/shop_images\/lookbook_ss22_4.jpg","contents":""}},"a59960f5-6bdf-401a-9005-bb84056cc191":{"type":"image","settings":{"image":"shopify:\/\/shop_images\/lookbook_ss22_5.jpg","contents":""}},"db5b8f4a-9834-4303-9116-c2ef8d97c00f":{"type":"image","settings":{"image":"shopify:\/\/shop_images\/lookbook_ss22_6.jpg","contents":""}},"09d03ccc-c330-4dc8-bfae-a5bbdf0b4aa2":{"type":"image","settings":{"image":"shopify:\/\/shop_images\/lookbook_ss22_7.jpg","contents":""}},"c18593c2-b8b6-46ce-8919-c3e0fd69fd03":{"type":"image","settings":{"image":"shopify:\/\/shop_images\/lookbook_ss22_8.jpg","contents":""}},"48780987-eddc-49d6-9a52-361d92329442":{"type":"image","settings":{"image":"shopify:\/\/shop_images\/lookbook_ss22_9.jpg","contents":""}},"5aec9510-ecdc-4607-b757-2ca93ac28d7c":{"type":"image","settings":{"image":"shopify:\/\/shop_images\/lookbook_ss22_10.jpg","contents":""}},"2bb739de-f38f-4591-8552-3311977abf2b":{"type":"image","settings":{"image":"shopify:\/\/shop_images\/lookbook_ss22_11.jpg","contents":""}},"de9eef62-e414-45b9-8b57-15423f51e381":{"type":"image","settings":{"image":"shopify:\/\/shop_images\/lookbook_ss22_12.jpg","contents":""}},"d2af86a8-c1f7-44f3-97df-4b72d5e5dd87":{"type":"image","settings":{"image":"shopify:\/\/shop_images\/lookbook_ss22_13.jpg","contents":""}},"8c671c2e-58c1-4dc3-93d7-de58836bbb5f":{"type":"image","settings":{"image":"shopify:\/\/shop_images\/lookbook_ss22_14.jpg","contents":""}}},"block_order":["ced44d43-c1ae-433c-a0bf-fc5c7470f83d","3571dc9c-4e8d-4e89-9ac0-32fc15172be4","3ab664e4-7240-4027-93ce-24f78117443f","a59960f5-6bdf-401a-9005-bb84056cc191","db5b8f4a-9834-4303-9116-c2ef8d97c00f","09d03ccc-c330-4dc8-bfae-a5bbdf0b4aa2","c18593c2-b8b6-46ce-8919-c3e0fd69fd03","48780987-eddc-49d6-9a52-361d92329442","5aec9510-ecdc-4607-b757-2ca93ac28d7c","2bb739de-f38f-4591-8552-3311977abf2b","de9eef62-e414-45b9-8b57-15423f51e381","d2af86a8-c1f7-44f3-97df-4b72d5e5dd87","8c671c2e-58c1-4dc3-93d7-de58836bbb5f"],"settings":{"full_width_enable":true}},"lookbook-resort22":{"type":"lookbook-resort22","blocks":{"772e354d-362e-46dd-a217-ff0745f578c7":{"type":"image","settings":{"image":"shopify:\/\/shop_images\/lookbook_resort22_1.jpg","contents":""}},"92a78fdd-e8e1-4301-b739-636000b07c1b":{"type":"image","settings":{"image":"shopify:\/\/shop_images\/lookbook_resort22_2.jpg","contents":""}},"ddd90fb3-b871-4bf1-9675-6934fa4d7be6":{"type":"image","settings":{"image":"shopify:\/\/shop_images\/lookbook_resort22_3.jpg","contents":""}},"d9e6bdcc-658d-4c6b-8370-a1832fa3dbb9":{"type":"image","settings":{"image":"shopify:\/\/shop_images\/lookbook_resort22_4.jpg","contents":""}},"aadc7420-573e-456a-a00e-841b83f98fea":{"type":"image","settings":{"image":"shopify:\/\/shop_images\/lookbook_resort22_5.jpg","contents":""}},"bf86180b-9904-4385-a978-5c558795df69":{"type":"image","settings":{"image":"shopify:\/\/shop_images\/lookbook_resort22_6.jpg","contents":""}},"ffe49cb5-5244-4b7b-bc1c-a30d61b3cbb1":{"type":"image","settings":{"image":"shopify:\/\/shop_images\/lookbook_resort22_7.jpg","contents":""}},"50911730-74bb-4d75-ac3e-b4048e1b3ac8":{"type":"image","settings":{"image":"shopify:\/\/shop_images\/lookbook_resort22_8.jpg","contents":""}},"8bf48428-c77d-45ff-beee-da6187574968":{"type":"image","settings":{"image":"shopify:\/\/shop_images\/lookbook_resort22_9.jpg","contents":""}},"79ec04c6-2ac0-4ab9-ac6b-96cd751406af":{"type":"image","settings":{"image":"shopify:\/\/shop_images\/lookbook_resort22_10.jpg","contents":""}}},"block_order":["772e354d-362e-46dd-a217-ff0745f578c7","92a78fdd-e8e1-4301-b739-636000b07c1b","ddd90fb3-b871-4bf1-9675-6934fa4d7be6","d9e6bdcc-658d-4c6b-8370-a1832fa3dbb9","aadc7420-573e-456a-a00e-841b83f98fea","bf86180b-9904-4385-a978-5c558795df69","ffe49cb5-5244-4b7b-bc1c-a30d61b3cbb1","50911730-74bb-4d75-ac3e-b4048e1b3ac8","8bf48428-c77d-45ff-beee-da6187574968","79ec04c6-2ac0-4ab9-ac6b-96cd751406af"],"settings":{"full_width_enable":true}},"1632237760280e3fc1":{"type":"featured-content","disabled":true,"blocks":{"36accc4d-a1bb-4687-b155-0647f9beb222":{"type":"content","settings":{"enable":true,"mobile_enable":true,"large_layout":"large-12","medium_layout":"medium-12","small_layout":"small-12","top_margin":false,"bottom_margin":false,"top_margin_mobile":false,"bottom_margin_mobile":false,"caption":"","graphic":"","title":"","copy":"","link":"shopify:\/\/collections\/eyewear","action":"","image":"shopify:\/\/shop_images\/7C0A2776.jpg","video_enable":false,"video_autoplay_enable":true,"video_mp4":"https:\/\/cdn.shopify.com\/s\/files\/1\/0041\/5665\/3603\/files\/tvr_fw21_manhattan_island_small.mp4?v=1633132670","video_ogv":""}}},"block_order":["36accc4d-a1bb-4687-b155-0647f9beb222"],"settings":{"alignment":"align-middle"}},"16166166644e0d426c":{"type":"featured-content","disabled":true,"blocks":{"7a31e9a7-6ee6-45e5-8df5-629b1687692d":{"type":"content","settings":{"enable":true,"mobile_enable":true,"large_layout":"large-12","medium_layout":"medium-12","small_layout":"small-12","top_margin":false,"bottom_margin":false,"top_margin_mobile":false,"bottom_margin_mobile":false,"caption":"","graphic":"https:\/\/cdn.shopify.com\/s\/files\/1\/0041\/5665\/3603\/files\/bartonperreira_tvr.svg?v=1643079046","title":"","copy":"Explore the limited edition capsule collection","link":"shopify:\/\/collections\/summer-collection","action":"Shop now","image":"shopify:\/\/shop_images\/hero_banner_eyewear.jpg","video_enable":false,"video_autoplay_enable":false,"video_mp4":"","video_ogv":""}}},"block_order":["7a31e9a7-6ee6-45e5-8df5-629b1687692d"],"settings":{"alignment":"align-middle"}},"1643080503355852b4":{"type":"featured-quote","disabled":true,"blocks":{"1c0a8321-19ce-4cd8-a8b7-29d53d7b10db":{"type":"content","settings":{"enable":true,"mobile_enable":true,"top_margin":false,"bottom_margin":false,"top_margin_mobile":false,"bottom_margin_mobile":false,"quote":"","credit":""}},"9b66374c-9f26-4bb3-a84a-3c45368a954f":{"type":"content","settings":{"enable":true,"mobile_enable":true,"top_margin":false,"bottom_margin":false,"top_margin_mobile":false,"bottom_margin_mobile":false,"quote":"","credit":""}}},"block_order":["1c0a8321-19ce-4cd8-a8b7-29d53d7b10db","9b66374c-9f26-4bb3-a84a-3c45368a954f"],"settings":{}},"16430806726b49cf03":{"type":"featured-content","disabled":true,"blocks":{"e9544e11-6dc6-404b-be23-99bfbd307b4e":{"type":"content","settings":{"enable":true,"mobile_enable":true,"large_layout":"large-6","medium_layout":"medium-6","small_layout":"small-6","top_margin":false,"bottom_margin":false,"top_margin_mobile":false,"bottom_margin_mobile":false,"caption":"","graphic":"","title":"","copy":"<b>DOMINO (55) X TEDDY VONRANSON<\/b><br>$495","link":"shopify:\/\/products\/domino-55-x-teddy-vonranson-black-horn","action":"","image":"shopify:\/\/shop_images\/DOMINO-55-X-TVR-BLACK-HORN-NOIR-AR-_FRONT.jpg","video_enable":false,"video_autoplay_enable":false,"video_mp4":"","video_ogv":""}},"ce5fea43-a5fc-48c5-9649-3c3029c9a46b":{"type":"content","settings":{"enable":true,"mobile_enable":true,"large_layout":"large-6","medium_layout":"medium-6","small_layout":"small-6","top_margin":false,"bottom_margin":false,"top_margin_mobile":false,"bottom_margin_mobile":false,"caption":"","graphic":"","title":"","copy":"<br><br>","link":"shopify:\/\/products\/domino-55-x-teddy-vonranson-black-horn","action":"","image":"shopify:\/\/shop_images\/Denton-Domino-Matte-Black.jpg","video_enable":false,"video_autoplay_enable":false,"video_mp4":"","video_ogv":""}}},"block_order":["e9544e11-6dc6-404b-be23-99bfbd307b4e","ce5fea43-a5fc-48c5-9649-3c3029c9a46b"],"settings":{"alignment":"align-middle"}},"1643081345b5a33314":{"type":"featured-quote","disabled":true,"blocks":{"c8a000b8-6957-48c5-b447-564d355aabf4":{"type":"content","settings":{"enable":true,"mobile_enable":true,"top_margin":false,"bottom_margin":false,"top_margin_mobile":false,"bottom_margin_mobile":false,"quote":"“I gravitated to the Domino frame right away as it is a timeless American style with a modern edge; a key characteristic of the TVR man.”","credit":"- Teddy Vonranson"}}},"block_order":["c8a000b8-6957-48c5-b447-564d355aabf4"],"settings":{}},"lookbook-fw22":{"type":"lookbook-fw22","blocks":{"03c8977b-ecd2-478a-8690-6c398cfbece3":{"type":"image","settings":{"image":"shopify:\/\/shop_images\/lookbook_fw22_1.jpg","contents":""}},"822af14d-5f03-4938-992a-3a6aa2e11045":{"type":"image","settings":{"image":"shopify:\/\/shop_images\/lookbook_fw22_2.jpg","contents":""}},"7bfb6b71-d9f3-494b-9ca8-eb55de576305":{"type":"image","settings":{"image":"shopify:\/\/shop_images\/lookbook_fw22_3.jpg","contents":""}},"a5575c30-3fa5-47ac-a683-895f156d709e":{"type":"image","settings":{"image":"shopify:\/\/shop_images\/lookbook_fw22_4.jpg","contents":""}},"70bd3598-8bfc-40cd-a366-b26b86606540":{"type":"image","settings":{"image":"shopify:\/\/shop_images\/lookbook_fw22_5.jpg","contents":""}},"2ca9668b-debe-43e7-9422-b531d8013150":{"type":"image","settings":{"image":"shopify:\/\/shop_images\/lookbook_fw22_6.jpg","contents":""}},"bafb7e38-39d8-4847-9582-47a60e2780d1":{"type":"image","settings":{"image":"shopify:\/\/shop_images\/lookbook_fw22_7.jpg","contents":""}},"4552e689-3064-4e50-b985-9658a34b35ce":{"type":"image","settings":{"image":"shopify:\/\/shop_images\/lookbook_fw22_8.jpg","contents":""}},"de5023a6-2375-4606-b1df-4d3031762987":{"type":"image","settings":{"image":"shopify:\/\/shop_images\/lookbook_fw22_9.jpg","contents":""}},"402f82f1-e0d8-4c0d-8dfa-e7a8cc84793e":{"type":"image","settings":{"image":"shopify:\/\/shop_images\/lookbook_fw22_10.jpg","contents":""}},"4c84a1a1-caa4-4a5b-95c4-f86ebdc8e442":{"type":"image","settings":{"image":"shopify:\/\/shop_images\/lookbook_fw22_11.jpg","contents":""}},"62270712-5561-4c04-a656-c7557d15b2e6":{"type":"image","settings":{"image":"shopify:\/\/shop_images\/lookbook_fw22_12.jpg","contents":""}},"accfcb81-78e7-4df8-883e-3e54acfd6c6d":{"type":"image","settings":{"image":"shopify:\/\/shop_images\/lookbook_fw22_13.jpg","contents":""}},"f65856c5-eab4-432b-a861-d895552333f3":{"type":"image","settings":{"image":"shopify:\/\/shop_images\/lookbook_fw22_14.jpg","contents":""}},"cd3195d1-8933-4d65-b028-0200a48fad70":{"type":"image","settings":{"image":"shopify:\/\/shop_images\/lookbook_fw22_15.jpg","contents":""}},"5d33699a-6b41-4c87-820c-ce53e13f3a19":{"type":"image","settings":{"image":"shopify:\/\/shop_images\/lookbook_fw22_16.jpg","contents":""}}},"block_order":["03c8977b-ecd2-478a-8690-6c398cfbece3","822af14d-5f03-4938-992a-3a6aa2e11045","7bfb6b71-d9f3-494b-9ca8-eb55de576305","a5575c30-3fa5-47ac-a683-895f156d709e","70bd3598-8bfc-40cd-a366-b26b86606540","2ca9668b-debe-43e7-9422-b531d8013150","bafb7e38-39d8-4847-9582-47a60e2780d1","4552e689-3064-4e50-b985-9658a34b35ce","de5023a6-2375-4606-b1df-4d3031762987","402f82f1-e0d8-4c0d-8dfa-e7a8cc84793e","4c84a1a1-caa4-4a5b-95c4-f86ebdc8e442","62270712-5561-4c04-a656-c7557d15b2e6","accfcb81-78e7-4df8-883e-3e54acfd6c6d","f65856c5-eab4-432b-a861-d895552333f3","cd3195d1-8933-4d65-b028-0200a48fad70","5d33699a-6b41-4c87-820c-ce53e13f3a19"],"settings":{"full_width_enable":true}},"1657578681814fa82c":{"type":"small-promo-banner","settings":{"promo_text":"Site-Wide Summer Sale - Enjoy Up To 60% Off! Restrictions Apply To Eyewear & Classics.","banner_text_color":"#ffffff","banner_color":"#000000"}},"165757938289357940":{"type":"video-landing","settings":{"custom_video_url":"https:\/\/cdn.shopify.com\/s\/files\/1\/0041\/5665\/3603\/files\/landing2.mp4?v=1650416813","floating_logo":true}},"165758206695e84eac":{"type":"four-collection-images","settings":{"image_one":"shopify:\/\/shop_images\/tailoring.png","link_one":"shopify:\/\/collections\/tailored-jackets","image_two":"shopify:\/\/shop_images\/MG_3060_retouched_coral.jpg","link_two":"shopify:\/\/products\/db-jacket-hot-coral","image_three":"shopify:\/\/shop_images\/DOMINO-55-X-TVR-ROYAL-NOIR.jpg","link_three":"shopify:\/\/products\/domino-55-x-teddy-vonranson-matte-black","image_four":"shopify:\/\/shop_images\/shirts.png","link_four":"shopify:\/\/collections\/shirts"}},"1657586958145ac573":{"type":"four-product-row","settings":{"image_one":"shopify:\/\/shop_images\/TVR_HOME_PAGE_IMAGE.jpg","link_one":"shopify:\/\/collections\/tailored-jackets","image_two":"shopify:\/\/shop_images\/TVR_HOME_PAGE_IMAGE_1.jpg","link_two":"shopify:\/\/collections\/knitwear","image_three":"shopify:\/\/shop_images\/TVR_HOME_PAGE_IMAGE_2.jpg","link_three":"shopify:\/\/collections\/shorts","image_four":"shopify:\/\/shop_images\/TVR_HOME_PAGE_IMAGE_3.jpg","link_four":"shopify:\/\/collections\/knitwear"}}},"content_for_index":["165757938289357940","1657578681814fa82c","1657586958145ac573","165758206695e84eac","1569688485305","16166166644e0d426c","1643080503355852b4","1632237760280e3fc1","1643081345b5a33314","16430806726b49cf03"],"blocks":{"855628211100114053":{"type":"shopify:\/\/apps\/klaviyo-email-marketing-sms\/blocks\/klaviyo-onsite-embed\/2632fe16-c075-4321-a88b-50b567f42507","disabled":false,"settings":{}}}}}